"bic","no.param","treatment"
963.679368597609,9,1
1018.38964165199,9,2
