"bic","no.param","treatment"
877.415984245118,9,1
889.741844209417,9,2
