"bic","no.param","treatment"
635.765246034627,2,"ambient"
707.4265344589,2,"elevated"
3247.9922471235,2,"amb+ele"
