"logLi","aic","bic","time","no.param","treatment"
-1590.5781480805,3205.15629616101,3240.19606727094,168.388170957565,2,"ambient"
