"bic","no.param","treatment"
639.491395332612,2,"ambient"
705.296505934438,2,"elevated"
3211.02820091086,2,"amb+ele"
