"bic","no.param","treatment"
1872.90767087507,2,1
2315.7400071988,2,2
