"bic","no.param","treatment"
1965.69650721757,9,1
1540.83938032914,9,2
