"bic","no.param","treatment"
624.887700717006,2,"ambient"
740.477328718468,2,"elevated"
3288.13931128259,2,"amb+ele"
