"bic","no.param","treatment"
622.495720453782,2,"ambient"
746.638383899614,2,"elevated"
3333.24383950277,2,"amb+ele"
