"bic","no.param","treatment"
1855.24390278579,4,1
2303.1451471774,4,2
