"bic","no.param","treatment"
875.000693388207,2,1
966.141909015651,2,2
