"bic","no.param","treatment"
964.201056962006,3,1
977.704853075604,3,2
