"bic","no.param","treatment"
872.882662353433,9,1
892.803310379897,9,2
