"bic","no.param","treatment"
1329.80859912198,9,1
1371.96448957666,9,2
