"bic","no.param","treatment"
991.315054940366,4,1
933.870861688824,4,2
