"bic","no.param","treatment"
960.073250347759,9,1
1010.19585648458,9,2
