"bic","no.param","treatment"
1404.40935909453,9,1
1447.56124922607,9,2
