"bic","no.param","treatment"
2037.83715720227,4,1
2458.20542073329,4,2
