"bic","no.param","treatment"
1025.8349706172,9,1
983.382685355214,9,2
