"logLi","aic","bic","time","no.param","treatment"
-298.404438250561,620.808876501122,647.790819405714,82.3483819961548,2,"ambient"
-329.159618616049,682.319237232098,708.77554866479,82.3665189743042,2,"elevated"
